{
  "meta": {
    "name": "RawWire Module Simulator",
    "slug": "module-simulator",
    "version": "1.0.0",
    "description": "Simulates module behavior for dashboard testing without requiring actual modules",
    "author": "RawWire Development Team",
    "license": "GPL-2.0+"
  },
  "ui": {
    "template": {
      "name": "module-simulator",
      "description": "Module Simulator Template - Provides mock data for testing dashboard functionality",
      "theme": {
        "accent": "#0d9488",
        "accentBold": "#0f766e",
        "surface": "#0b1724",
        "card": "#0f1f33",
        "muted": "#8aa0b7"
      },
      "columns": [
        { "key": "rank", "label": "Rank", "width": "64px" },
        { "key": "title", "label": "Finding" },
        { "key": "source", "label": "Source", "width": "120px" },
        { "key": "category", "label": "Category", "width": "140px" },
        { "key": "score", "label": "Score", "width": "90px" },
        { "key": "freshness", "label": "Freshness", "width": "120px" },
        { "key": "status", "label": "Status", "width": "110px" }
      ],
      "badges": {
        "status": {
          "approved": { "label": "Approved", "tone": "success" },
          "pending": { "label": "Pending", "tone": "warning" },
          "rejected": { "label": "Rejected", "tone": "danger" },
          "processing": { "label": "Processing", "tone": "info" }
        },
        "source": {
          "simulator": { "label": "Simulator", "tone": "info" }
        },
        "category": {
          "regulatory": { "label": "Regulatory", "tone": "warning" },
          "market": { "label": "Market", "tone": "success" },
          "technical": { "label": "Technical", "tone": "info" },
          "risk": { "label": "Risk", "tone": "danger" }
        }
      },
      "filters": {
        "sources": ["simulator"],
        "statuses": ["pending", "approved", "processing", "rejected"],
        "categories": ["regulatory", "market", "technical", "risk"]
      }
    }
  },
  "capabilities": {
    "provides_data": true,
    "supports_filters": true,
    "has_approval_workflow": true,
    "real_time_updates": false
  }
}